insert into culture(id, name, description, period_Description, culture_Map, start_Year, end_Year) values (1,'Ancienne Egypte', 'L''Égypte antique est une ancienne civilisation du nord-est de l''Afrique, concentrée le long du cours inférieur du Nil, dans ce qui constitue aujourd''hui l''Égypte.', 'Du 4e millénaire au 1er siècle avant notre ère', 'https://upload.wikimedia.org/wikipedia/commons/thumb/d/d9/Ancient_Egypt_map-fr.svg/200px-Ancient_Egypt_map-fr.svg.png', -3150, -30);
insert into culture(id, name, description, period_Description, culture_Map, start_Year, end_Year) values (2,'Rome Antique', 'La Rome antique est à la fois la ville de Rome et l''État qu''elle fonde dans l''Antiquité. L''idée de Rome antique est inséparable de celle de la culture latine. Ce regroupement de villages au viiie siècle av. J.-C. parvint à dominer l''ensemble du monde méditerranéen et de l''Europe de l''Ouest du ier au ve siècle par la conquête militaire et par l''assimilation des élites locales. Sa domination a laissé d''importantes traces archéologiques et de nombreux témoignages littéraires. Elle façonne encore aujourd''hui l''image de la civilisation occidentale. Durant ces siècles, la civilisation romaine passe d''une monarchie à une république oligarchique puis à un empire autocratique.', 'VIIIe siècle ACN au Ve siècle PCN', 'https://upload.wikimedia.org/wikipedia/commons/thumb/6/6c/Carte_de_l%27Empire_romain_en_118_apr%C3%A8s_J.-C.jpg/220px-Carte_de_l%27Empire_romain_en_118_apr%C3%A8s_J.-C.jpg', -753, 476 );
insert into culture(id, name, description, period_Description, culture_Map, start_Year, end_Year) values (3,'Celte', 'Les Celtes ont constitué lors de la protohistoire européenne un groupe de populations indo-européennes parlant des langues celtiques et présentant une certaine unité culturelle, bien que les interactions culturelles de l''Europe celtique ancienne demeurent incertaines et controversées. Par ailleurs, la connaissance du processus de diffusion territoriale des anciennes populations celtiques reste à améliorer, en particulier quant à celles des Îles Britanniques et de la péninsule Ibérique', 'XIVe siècle ACN au Ier siècle ACN', 'https://upload.wikimedia.org/wikipedia/commons/thumb/e/ee/Hallstatt_LaTene.png/220px-Hallstatt_LaTene.png', -1350, -6);
insert into culture(id, name, description, period_Description, culture_Map, start_Year, end_Year) values (4,'Aztèque', 'Les Aztèques, ou Mexicas (du nom de leur capitale, Mexico-Tenochtitlan), étaient un peuple amérindien du groupe nahua, c''est-à-dire de langue nahuatl.', 'XIIIe au XVIe siècle de notre ère', 'https://upload.wikimedia.org/wikipedia/commons/thumb/b/b1/Aztec_Empire_1519_map-fr.svg/langfr-280px-Aztec_Empire_1519_map-fr.svg.png', 1200, 1521);
insert into culture (id,culture_map,description,end_year,name,period_description,start_year) VALUES (5,NULL,'Au début du 21e siècle, une civilisation originale semble avoir occupé une petite région environnée de montagnes, au cœur du continent. Elle n’a laissé que de rares témoignages écrits, pour la plupart portés en relief sur des objets. Le célèbre document dit «Feuillet de sentence», l’un des rarissimes textes sur papier qui nous soient parvenus, fournit une précieuse indication quant au nom de la région au 21e  siècle. A l’angle supérieur gauche de cet inestimable document figure en effet le mot «LAUSANNE» : selon les spécialistes, cet emplacement en tête du texte révèle le lieu d’émission du feuillet. Notons toutefois que selon d’autres chercheurs, il s’agirait plutôt du nom de l’auteur. On ignore, au stade actuel des recherches, l’étendue de «LAUSANNE», dont il ne subsiste que quelques traces.',2100,'Lausanne','21e siècle',2000);

insert into exposition (id, title, description, start_date, end_date, visitor_count, image_url) values (1,'I won Kadesh by a lot', 'Exposition sur la bataille de Kadesh et ses conséquences', '2020-11-25', '2021-02-25', 42 ,'https://upload.wikimedia.org/wikipedia/commons/thumb/c/cc/Ramses_II_at_Kadesh.jpg/260px-Ramses_II_at_Kadesh.jpg');
INSERT INTO exposition (id,description,end_date,image_url,start_date,title,visitor_count) VALUES (2,'Archéologie de la Grande Guerre en Alsace et en Lorraine','2022-03-15','https://www.centenaire.org/sites/default/files/styles/full_16_9_custom_user_tablette_1x/public/atom-source-images/slider_expo_archeo.jpg?itok=ltaD136G','2021-11-05','À l''Est, du nouveau !',0);
INSERT INTO exposition (id,description,end_date,image_url,start_date,title,visitor_count) VALUES (3,'Découvrir les liens entre archéologie et bande dessinée.','2019-07-01','https://presse.louvre.fr/wp-content/uploads/2018/09/4bee6ea14ba48ed717cdbab50ee53e20-333x500.jpg','2018-09-16','L''archéologie en bulles',5478);
INSERT INTO exposition (id,description,end_date,image_url,start_date,title,visitor_count) VALUES (4,'Les débuts de l''archéologie à Bavay aux XVIIIe et XIXe siècles','2019-08-27','https://f-origin.hypotheses.org/wp-content/blogs.dir/2692/files/2019/01/Affiche_curieux-antiquaires.jpg','2019-02-03','Curieux antiquaires',2658);
INSERT INTO exposition (id,description,end_date,image_url,start_date,title,visitor_count) VALUES (5,'En 4003, le 21ème siècle n''est plus qu''un passé depuis longtemps oublié. La mémoire écrite et audiovisuelle a été effacée, victime de ses supports trop fragiles. Le plastique et autres matières synthétiques n''ont pas non plus résisté aux siècles. Ne subsistent que des objets fragmentaires en métal, en verre, en terre cuite ou en pierre, exhumés ici ou là, par hasard. Se fondant sur ces témoignages infimes, précieux et émouvants, les archéologues restituent notre monde, parfois avec justesse, parfois en se trompant, forcément. \n Futur antérieur donne à réfléchir, et fait rire. Les visiteurs y découvrent des objets familiers, savamment transformés en reliques archéologiques, issus de Suisse pour beaucoup, lieu d’origine de l’exposition mais qui font tout autant partie de notre quotidien. Ces vestiges sont restitués et interprétés selon des logiques rigoureuses mais pas toujours fondées, où la pelle est classée avec les poêles, où les douilles de fusil sont des fioles, l''arrosoir un vase d''apparat, et où les nains de jardin figurent sans doute des notables ou des prêtres. Une manière de montrer que l''archéologie, qu''elle porte sur le passé ou le futur, se conjugue toujours à l''imparfait','2021-02-25','https://www.hominides.com/data/images/illus/Expositions/futur-anterieur/futur-anterieur.jpg','2020-11-25','Futur antérieur - Trésors archéologiques du 21e siècle après J.-C.',2007);


insert into artefact(identification, name, object_description, period_description, cultural_phase, type, material, localisation, imageurl, on_permanent_display, in_exposition, date_of_entry, start_year, end_year, culture_id, exposition_id)
values ('EG1000', 'Statue de Ramsès III', 'Statue en basalte de Ramsès III', 'Première moitié du XIIe siècle ACN', 'Nouvel Empire' , 'Statue', 'Pierre, Basalte', 'I won Kadesh by a lot', 'https://upload.wikimedia.org/wikipedia/commons/thumb/6/6c/Statue_of_Ramesses_III_-_Beth_Shean_-_1185-1153_BCE.jpeg/450px-Statue_of_Ramesses_III_-_Beth_Shean_-_1185-1153_BCE.jpeg', false, true, '1928-01-31', -1185, -1153, 1, 1);
insert into artefact(identification, name, object_description, period_description, cultural_phase, type, material, localisation, imageurl, on_permanent_display, in_exposition, date_of_entry, start_year, end_year, culture_id, exposition_id)
values ('CE1000', 'Casque d''Agris', 'Casque gaulois découvert en Charente en 1981', 'Second quart du IVe siècle ACN', 'Gaulois, La Tène', 'Armement', 'Métal, fer, bronze, or, argent et corail', 'Room 9', 'https://upload.wikimedia.org/wikipedia/commons/thumb/f/f0/Parade_helmet.jpg/220px-Parade_helmet.jpg', true, false, '1981-05-21', -375, -350, 3, null);
insert into artefact(identification, name, object_description, period_description, cultural_phase, type, material, localisation, imageurl, on_permanent_display, in_exposition, date_of_entry, start_year, end_year, culture_id, exposition_id)
values ('RE1000','Auguste de Prima Porta','Statue en marbre de l''Empereur Auguste','Ier siècle ACN au Ier siècle PCN','Empire Romain', 'Statue', 'Pierre, marbre de Paros', 'Room 27','https://upload.wikimedia.org/wikipedia/commons/thumb/e/eb/Statue-Augustus.jpg/260px-Statue-Augustus.jpg',true, false,'1933-07-01',-20, 37,2,null);
INSERT INTO artefact (identification,cultural_phase,date_of_entry,end_year,imageurl,in_exposition,localisation,material,name,object_description,on_permanent_display,period_description,start_year,type,culture_id,exposition_id)
VALUES ('CE1002','culture de Hallstatt','1969-11-12',-510,'https://upload.wikimedia.org/wikipedia/commons/thumb/3/3f/Crat%C3%A8re_de_Vix_0023.jpg/260px-Crat%C3%A8re_de_Vix_0023.jpg','0','In reserves','Metal, Bronze','Cratère de Vix','Le cratère de Vix est un cratère de bronze utilisé pour contenir le vin, découvert en 1953 dans la tombe de Vix, sépulture d''une princesse celte à Vix (Côte-d''Or), et daté d''environ 520 ans av. J.-C. Il est aujourd''hui conservé et exposé au musée du Pays châtillonnais, à Châtillon-sur-Seine. \nLe cratère est un artéfact remarquable de par sa facture et ses dimensions pour un vase de l''Hallstatt. L''ensemble pèse 208,6 kg pour une hauteur de 1,64 m.','0','VIe siècle avant notre ère',-520,'Cratère',3,NULL);
INSERT INTO artefact (identification,cultural_phase,date_of_entry,end_year,imageurl,in_exposition,localisation,material,name,object_description,on_permanent_display,period_description,start_year,type,culture_id,exposition_id)
VALUES ('LA0001','Lausanien ancien','2018-05-20',2100,'https://ak.picdn.net/shutterstock/videos/2813656/thumb/1.jpg','1','Futur antérieur - Trésors archéologiques du 21e siècle après J.-C.','Méral','Objet discoïdal','De nombreux objets de forme discoïdale évoquent en outre des symboles solaires, signe d''une vénération de l''astre du jour.','0','21e siècle',2000,'Objet cultuel',5,5);
INSERT INTO artefact (identification,cultural_phase,date_of_entry,end_year,imageurl,in_exposition,localisation,material,name,object_description,on_permanent_display,period_description,start_year,type,culture_id,exposition_id)
VALUES ('LA0002','Lausanien récent','2018-05-20',2100,'https://encrypted-tbn0.gstatic.com/images?q=tbn:ANd9GcT8POhWO1T9jpVVDgdBLohs0D0nmcrXSl9hGw&usqp=CAU','1','Futur antérieur - Trésors archéologiques du 21e siècle après J.-C.','Terre cuite','Statuette d''homme avec gobelet à libation.','Il apparaît ainsi que les habitants de la région Lausanne, comme bien d’autres, vouaient un culte à la Nature. En témoigne notamment une admirable statuette en terre cuite, figurant un haut personnage ou un prêtre. Les hommes de la classe dominante portaient la barbe et étaient coiffés d''un capuchon, d''un bonnet rouge ou d''un chapeau.','0','21e siècle',2000,'Statue',5,5);
INSERT INTO artefact (identification,cultural_phase,date_of_entry,end_year,imageurl,in_exposition,localisation,material,name,object_description,on_permanent_display,period_description,start_year,type,culture_id,exposition_id)
VALUES ('LA0004','Proto-Lausanien','2018-05-20',2100,NULL,'1','Futur antérieur - Trésors archéologiques du 21e siècle après J.-C.','Béton','Fragment de fresque','L’art de la fin du 20e et du début du 21e siècle est extrêmement mal connu. La région Lausanne a toutefois livré un remarquable fragment de fresque sur béton, qui témoigne d’une grande maîtrise artistique et d’une expression esthétique à la fois très aboutie et puissamment émotionnelle.','0','21e siècle',2000,'Fresque',5,5);
INSERT INTO artefact (identification,cultural_phase,date_of_entry,end_year,imageurl,in_exposition,localisation,material,name,object_description,on_permanent_display,period_description,start_year,type,culture_id,exposition_id)
VALUES ('LA0003',NULL,'2018-05-20',2100,'https://lh6.ggpht.com/monsieur.ogre/SCYeGKXz8wI/AAAAAAAABVs/QUUFgl_QzEE/s800/Futur-ant%C3%A9rieur-44.jpg','1','Futur antérieur - Trésors archéologiques du 21e siècle après J.-C.','Métal, plastique','Maquette de ville','On ne connaît quasiment rien de l''architecture de l''époque, mais fort heureusement nous disposons de quelques représantations figurées sous forme de que l''on appelle les \"maquette de villes\".','0','21e siècle',2000,'Maquette',5,5);
INSERT INTO artefact (identification,cultural_phase,date_of_entry,end_year,imageurl,in_exposition,localisation,material,name,object_description,on_permanent_display,period_description,start_year,type,culture_id,exposition_id)
VALUES ('LA0006',NULL,'2018-05-20',2100,'https://www.hominides.com/data/images/illus/Expositions/futur-anterieur/vase-d-apparat.jpg','1','Futur antérieur - Trésors archéologiques du 21e siècle après J.-C.','Métal','Vase d''apparat','Quelques rares éléments de vaisselle nous sont parvenus. Certains comme cet exemplaire étaient très travaillés et ostentatoires.','0','21e siècke',2000,'Vase',5,5);
INSERT INTO artefact (identification,cultural_phase,date_of_entry,end_year,imageurl,in_exposition,localisation,material,name,object_description,on_permanent_display,period_description,start_year,type,culture_id,exposition_id)
VALUES ('LA0005',NULL,'2018-05-20',2100,NULL,'1','Futur antérieur - Trésors archéologiques du 21e siècle après J.-C.','Terre cuite','Idole zoomorphe','Si la religion de cette époque nous reste largement méconnue, certaines statuettes semblent liées à un culte zoomorphe domestique. Ici une idole de suidé en terre cuite.','0','21e siècle',2000,'Statue',5,5);
INSERT INTO artefact (identification,cultural_phase,date_of_entry,end_year,imageurl,in_exposition,localisation,material,name,object_description,on_permanent_display,period_description,start_year,type,culture_id,exposition_id)
VALUES ('RE1001','République','1954-09-05',-46,'https://img-4.linternaute.com/vTq3BwiqC1L_2LbP-nDbR00JZWo=/350x/smart/b26ae4a4fb4d4967aece99ba556efae8/ccmcms-linternaute/27494.jpg','0','Room 26','Pierre','Buste de César','Buste de Jules César','1','2e moitié du 1er siècle avant notre ère',-49,'Statue',2,NULL);


INSERT INTO USER (ID, USERNAME, PASSWORD, FIRSTNAME, LASTNAME, EMAIL, ENABLED, LASTPASSWORDRESETDATE) VALUES (1, 'admin', '$2a$08$lDnHPz7eUkSi6ao14Twuau08mzhWrL4kyZGGU5xfiGALO/Vxd5DOi', 'admin', 'admin', 'admin@admin.com', 1, PARSEDATETIME('01-01-2016', 'dd-MM-yyyy'));
INSERT INTO USER (ID, USERNAME, PASSWORD, FIRSTNAME, LASTNAME, EMAIL, ENABLED, LASTPASSWORDRESETDATE) VALUES (2, 'Conservateur', '$2a$08$UkVvwpULis18S19S5pZFn.YHPZt3oaqHZnDwqbCW9pft6uFtkXKDC', 'Jean-François', 'Champollion', 'champollionchampion@user.com', 1, PARSEDATETIME('01-01-2016','dd-MM-yyyy'));
INSERT INTO USER (ID, USERNAME, PASSWORD, FIRSTNAME, LASTNAME, EMAIL, ENABLED, LASTPASSWORDRESETDATE) VALUES (3, 'Chercheur', '$2a$08$UkVvwpULis18S19S5pZFn.YHPZt3oaqHZnDwqbCW9pft6uFtkXKDC', 'André', 'Leroi-Gourhan', 'magdalenian4ever@user.com', 1, PARSEDATETIME('01-01-2016','dd-MM-yyyy'));

INSERT INTO AUTHORITY (ID, NAME) VALUES (1, 'CHERCHEUR');
INSERT INTO AUTHORITY (ID, NAME) VALUES (2, 'CONSERVATEUR');

INSERT INTO USER_AUTHORITY (USER_ID, AUTHORITY_ID) VALUES (1, 1);
INSERT INTO USER_AUTHORITY (USER_ID, AUTHORITY_ID) VALUES (1, 2);
INSERT INTO USER_AUTHORITY (USER_ID, AUTHORITY_ID) VALUES (2, 1);
INSERT INTO USER_AUTHORITY (USER_ID, AUTHORITY_ID) VALUES (2, 2);
INSERT INTO USER_AUTHORITY (USER_ID, AUTHORITY_ID) VALUES (3, 1);